{
  "aqi_lag1": 78.13523836584265,
  "aqi_rmean3": 11.15706807727942,
  "aqi_lag2": 8.488424993170229,
  "aqi_delta1": 1.6958280990440522,
  "aqi_rmean6": 1.498669276417689,
  "aqi_delta3": 0.8959254166721717,
  "aqi_lag3": 0.2974799547508784,
  "aqi_delta6": 0.11983307113279992,
  "pm25": 0.10961107020204491,
  "aqi_rmean24": 0.08520072629295018,
  "aqi_lag12": 0.07723652998553303,
  "aqi_lag6": 0.0673855051147491,
  "aqi_lag24": 0.05243825349244216,
  "pm10": 0.049403886033247364,
  "pm25_lag1": 0.027523687853019035,
  "aqi_accel": 0.02577788129770711,
  "temp_hum_interaction": 0.02544633347915959,
  "aqi_rstd3": 0.023412197539277115,
  "month_sin": 0.015851480877900934,
  "pm10_lag1": 0.01424147495150128,
  "aqi_rstd24": 0.013308989378969868,
  "pm25_lag3": 0.012199736010226744,
  "aqi_rstd6": 0.010538331701802241,
  "aqi_lag168": 0.009711211213065653,
  "temperature": 0.009423805719259182,
  "pm10_lag3": 0.009170378549526369,
  "wind_v": 0.007086997155130192,
  "so2_lag3": 0.006542474411754836,
  "co_lag3": 0.005660632253271735,
  "no2_lag3": 0.005658309236154608,
  "o3_lag3": 0.004945625701157704,
  "so2_lag1": 0.004787194396943813,
  "o3": 0.004748113416730066,
  "pressure": 0.004384933191307131,
  "nh3_lag1": 0.004326368352796649,
  "nh3": 0.004255629761076854,
  "no2": 0.004216654366597067,
  "solar_temp": 0.003993425690232559,
  "nh3_lag3": 0.003971929905231669,
  "co_lag1": 0.0036090198373733558,
  "humidity": 0.00359643430375258,
  "wind_dir": 0.0035629609001702005,
  "so2": 0.003562536220394225,
  "co": 0.003381846680908333,
  "no": 0.0032888802393989548,
  "wind_speed": 0.003261322734736152,
  "dow_cos": 0.003165732677734308,
  "no2_lag1": 0.0031379659931317487,
  "o3_lag1": 0.003128106607899466,
  "wind_u": 0.002943367567899792,
  "dow_sin": 0.0028614548393075517,
  "hour_sin": 0.002768174771751124,
  "solar_rad": 0.00248852846398642,
  "month_cos": 0.002475611206839046,
  "nox": 0.002181239562740188,
  "hour_cos": 0.001788491967409488,
  "rainfall": 0.0006582546956979572,
  "is_weekend": 2.1840097897471882e-05
}